cnpj_gestor,nome_gestor,nome_fundo,ativo,ativo_desc,cnpj_fundo
11.180.009/0001-48,KAPITALO INVESTIMENTOS LTDA,KAPITALO TARKUS MÁSTER FUNDO DE INVESTIMENTO EM AÇÕES,BRFS3,Ações,28.747.676/0001-62
11.180.009/0001-48,KAPITALO INVESTIMENTOS LTDA,KAPITALO TARKUS MÁSTER FUNDO DE INVESTIMENTO EM AÇÕES,PETR3,Ações,28.747.676/0001-62
11.180.009/0001-48,KAPITALO INVESTIMENTOS LTDA,KAPITALO TARKUS MÁSTER FUNDO DE INVESTIMENTO EM AÇÕES,RRRP3,Ações,28.747.676/0001-62
11.180.009/0001-48,KAPITALO INVESTIMENTOS LTDA,KAPITALO TARKUS MÁSTER FUNDO DE INVESTIMENTO EM AÇÕES,VBBR3,Ações,28.747.676/0001-62
11.180.009/0001-48,KAPITALO INVESTIMENTOS LTDA,KAPITALO TARKUS MÁSTER FUNDO DE INVESTIMENTO EM AÇÕES,GOAU4,Ações,28.747.676/0001-62
11.180.009/0001-48,KAPITALO INVESTIMENTOS LTDA,KAPITALO TARKUS MÁSTER FUNDO DE INVESTIMENTO EM AÇÕES,PETR4,Ações,28.747.676/0001-62
11.180.009/0001-48,KAPITALO INVESTIMENTOS LTDA,KAPITALO TARKUS MÁSTER FUNDO DE INVESTIMENTO EM AÇÕES,SUZB3,Ações,28.747.676/0001-62
11.180.009/0001-48,KAPITALO INVESTIMENTOS LTDA,KAPITALO TARKUS MÁSTER FUNDO DE INVESTIMENTO EM AÇÕES,HAPV3,Ações,28.747.676/0001-62
11.180.009/0001-48,KAPITALO INVESTIMENTOS LTDA,KAPITALO TARKUS MÁSTER FUNDO DE INVESTIMENTO EM AÇÕES,BBAS3,Ações,28.747.676/0001-62
11.180.009/0001-48,KAPITALO INVESTIMENTOS LTDA,KAPITALO TARKUS MÁSTER FUNDO DE INVESTIMENTO EM AÇÕES,EMBR3,Ações,28.747.676/0001-62
11.180.009/0001-48,KAPITALO INVESTIMENTOS LTDA,KAPITALO TARKUS MÁSTER FUNDO DE INVESTIMENTO EM AÇÕES,ECOR3,Ações,28.747.676/0001-62
11.180.009/0001-48,KAPITALO INVESTIMENTOS LTDA,KAPITALO TARKUS MÁSTER FUNDO DE INVESTIMENTO EM AÇÕES,LREN3,Ações,28.747.676/0001-62
11.180.009/0001-48,KAPITALO INVESTIMENTOS LTDA,KAPITALO TARKUS MÁSTER FUNDO DE INVESTIMENTO EM AÇÕES,ABEV3,Ações,28.747.676/0001-62
11.180.009/0001-48,KAPITALO INVESTIMENTOS LTDA,KAPITALO TARKUS MÁSTER FUNDO DE INVESTIMENTO EM AÇÕES,CMIG3,Ações,28.747.676/0001-62
11.180.009/0001-48,KAPITALO INVESTIMENTOS LTDA,KAPITALO TARKUS MÁSTER FUNDO DE INVESTIMENTO EM AÇÕES,HYPE3,Ações,28.747.676/0001-62
11.180.009/0001-48,KAPITALO INVESTIMENTOS LTDA,KAPITALO TARKUS MÁSTER FUNDO DE INVESTIMENTO EM AÇÕES,TOTS3,Ações,28.747.676/0001-62
11.180.009/0001-48,KAPITALO INVESTIMENTOS LTDA,KAPITALO TARKUS MÁSTER FUNDO DE INVESTIMENTO EM AÇÕES,RECV3,Ações,28.747.676/0001-62
11.180.009/0001-48,KAPITALO INVESTIMENTOS LTDA,KAPITALO TARKUS MÁSTER FUNDO DE INVESTIMENTO EM AÇÕES,GOAU3,Ações,28.747.676/0001-62
11.180.009/0001-48,KAPITALO INVESTIMENTOS LTDA,KAPITALO TARKUS MÁSTER FUNDO DE INVESTIMENTO EM AÇÕES,WEST3,Ações,28.747.676/0001-62
11.180.009/0001-48,KAPITALO INVESTIMENTOS LTDA,KAPITALO TARKUS MÁSTER FUNDO DE INVESTIMENTO EM AÇÕES,AMER3,Ações,28.747.676/0001-62
11.180.009/0001-48,KAPITALO INVESTIMENTOS LTDA,KAPITALO TARKUS MÁSTER FUNDO DE INVESTIMENTO EM AÇÕES,AERI3,Ações,28.747.676/0001-62
11.180.009/0001-48,KAPITALO INVESTIMENTOS LTDA,KAPITALO TARKUS MÁSTER FUNDO DE INVESTIMENTO EM AÇÕES,TIMS3,Ações,28.747.676/0001-62
11.180.009/0001-48,KAPITALO INVESTIMENTOS LTDA,KAPITALO TARKUS MÁSTER FUNDO DE INVESTIMENTO EM AÇÕES,AZUL4,Ações,28.747.676/0001-62
11.180.009/0001-48,KAPITALO INVESTIMENTOS LTDA,KAPITALO TARKUS MÁSTER FUNDO DE INVESTIMENTO EM AÇÕES,LWSA3,Ações,28.747.676/0001-62
11.180.009/0001-48,KAPITALO INVESTIMENTOS LTDA,KAPITALO TARKUS MÁSTER FUNDO DE INVESTIMENTO EM AÇÕES,INTB3,Ações,28.747.676/0001-62
11.180.009/0001-48,KAPITALO INVESTIMENTOS LTDA,KAPITALO TARKUS MÁSTER FUNDO DE INVESTIMENTO EM AÇÕES,AESB3,Ações,28.747.676/0001-62
11.180.009/0001-48,KAPITALO INVESTIMENTOS LTDA,KAPITALO TARKUS MÁSTER FUNDO DE INVESTIMENTO EM AÇÕES,MYPK3,Ações,28.747.676/0001-62
11.180.009/0001-48,KAPITALO INVESTIMENTOS LTDA,KAPITALO TARKUS MÁSTER FUNDO DE INVESTIMENTO EM AÇÕES,CYRE3,Ações,28.747.676/0001-62
11.180.009/0001-48,KAPITALO INVESTIMENTOS LTDA,KAPITALO TARKUS MÁSTER FUNDO DE INVESTIMENTO EM AÇÕES,ENEV3,Ações,28.747.676/0001-62
11.180.009/0001-48,KAPITALO INVESTIMENTOS LTDA,KAPITALO TARKUS MÁSTER FUNDO DE INVESTIMENTO EM AÇÕES,LIGT3,Ações,28.747.676/0001-62
11.180.009/0001-48,KAPITALO INVESTIMENTOS LTDA,KAPITALO TARKUS MÁSTER FUNDO DE INVESTIMENTO EM AÇÕES,PARD3,Ações,28.747.676/0001-62
11.180.009/0001-48,KAPITALO INVESTIMENTOS LTDA,KAPITALO TARKUS MÁSTER FUNDO DE INVESTIMENTO EM AÇÕES,IFCM3,Ações,28.747.676/0001-62
11.180.009/0001-48,KAPITALO INVESTIMENTOS LTDA,KAPITALO TARKUS MÁSTER FUNDO DE INVESTIMENTO EM AÇÕES,NTCO3,Ações,28.747.676/0001-62
11.180.009/0001-48,KAPITALO INVESTIMENTOS LTDA,KAPITALO TARKUS MÁSTER FUNDO DE INVESTIMENTO EM AÇÕES,GMAT3,Ações,28.747.676/0001-62
11.180.009/0001-48,KAPITALO INVESTIMENTOS LTDA,KAPITALO TARKUS MÁSTER FUNDO DE INVESTIMENTO EM AÇÕES,USIM5,Ações,28.747.676/0001-62
11.180.009/0001-48,KAPITALO INVESTIMENTOS LTDA,KAPITALO TARKUS MÁSTER FUNDO DE INVESTIMENTO EM AÇÕES,CMIN3,Ações,28.747.676/0001-62
11.180.009/0001-48,KAPITALO INVESTIMENTOS LTDA,KAPITALO TARKUS MÁSTER FUNDO DE INVESTIMENTO EM AÇÕES,CSNA3,Ações,28.747.676/0001-62
11.180.009/0001-48,KAPITALO INVESTIMENTOS LTDA,KAPITALO TARKUS MÁSTER FUNDO DE INVESTIMENTO EM AÇÕES,ESPA3,Ações,28.747.676/0001-62
11.180.009/0001-48,KAPITALO INVESTIMENTOS LTDA,KAPITALO TARKUS MÁSTER FUNDO DE INVESTIMENTO EM AÇÕES,YDUQ3,Ações,28.747.676/0001-62
11.180.009/0001-48,KAPITALO INVESTIMENTOS LTDA,KAPITALO TARKUS MÁSTER FUNDO DE INVESTIMENTO EM AÇÕES,VIIA3,Ações,28.747.676/0001-62
11.180.009/0001-48,KAPITALO INVESTIMENTOS LTDA,KAPITALO TARKUS MÁSTER FUNDO DE INVESTIMENTO EM AÇÕES,MRVE3,Ações,28.747.676/0001-62
11.180.009/0001-48,KAPITALO INVESTIMENTOS LTDA,KAPITALO TARKUS MÁSTER FUNDO DE INVESTIMENTO EM AÇÕES,BRKM5,Ações,28.747.676/0001-62
11.180.009/0001-48,KAPITALO INVESTIMENTOS LTDA,KAPITALO TARKUS MÁSTER FUNDO DE INVESTIMENTO EM AÇÕES,ITUB4,Ações,28.747.676/0001-62
11.180.009/0001-48,KAPITALO INVESTIMENTOS LTDA,KAPITALO TARKUS MÁSTER FUNDO DE INVESTIMENTO EM AÇÕES,ELET6,Ações,28.747.676/0001-62
11.180.009/0001-48,KAPITALO INVESTIMENTOS LTDA,KAPITALO TARKUS MÁSTER FUNDO DE INVESTIMENTO EM AÇÕES,BBDC3,Ações,28.747.676/0001-62
11.180.009/0001-48,KAPITALO INVESTIMENTOS LTDA,KAPITALO TARKUS MÁSTER FUNDO DE INVESTIMENTO EM AÇÕES,COGN3,Ações,28.747.676/0001-62
11.180.009/0001-48,KAPITALO INVESTIMENTOS LTDA,KAPITALO TARKUS MÁSTER FUNDO DE INVESTIMENTO EM AÇÕES,PNVL3,Ações,28.747.676/0001-62
11.180.009/0001-48,KAPITALO INVESTIMENTOS LTDA,KAPITALO TARKUS MÁSTER FUNDO DE INVESTIMENTO EM AÇÕES,JSLG3,Ações,28.747.676/0001-62
11.180.009/0001-48,KAPITALO INVESTIMENTOS LTDA,KAPITALO TARKUS MÁSTER FUNDO DE INVESTIMENTO EM AÇÕES,RAPT4,Ações,28.747.676/0001-62
11.180.009/0001-48,KAPITALO INVESTIMENTOS LTDA,KAPITALO TARKUS MÁSTER FUNDO DE INVESTIMENTO EM AÇÕES,PETZ3,Ações,28.747.676/0001-62
11.180.009/0001-48,KAPITALO INVESTIMENTOS LTDA,KAPITALO TARKUS MÁSTER FUNDO DE INVESTIMENTO EM AÇÕES,SBFG3,Ações,28.747.676/0001-62
11.180.009/0001-48,KAPITALO INVESTIMENTOS LTDA,KAPITALO TARKUS MÁSTER FUNDO DE INVESTIMENTO EM AÇÕES,SOMA3,Ações,28.747.676/0001-62
11.180.009/0001-48,KAPITALO INVESTIMENTOS LTDA,KAPITALO TARKUS MÁSTER FUNDO DE INVESTIMENTO EM AÇÕES,TGMA3,Ações,28.747.676/0001-62
11.180.009/0001-48,KAPITALO INVESTIMENTOS LTDA,KAPITALO TARKUS MÁSTER FUNDO DE INVESTIMENTO EM AÇÕES,VAMO3,Ações,28.747.676/0001-62
11.180.009/0001-48,KAPITALO INVESTIMENTOS LTDA,KAPITALO TARKUS MÁSTER FUNDO DE INVESTIMENTO EM AÇÕES,TUPY3,Ações,28.747.676/0001-62
11.180.009/0001-48,KAPITALO INVESTIMENTOS LTDA,KAPITALO TARKUS MÁSTER FUNDO DE INVESTIMENTO EM AÇÕES,ABCB4,Ações,28.747.676/0001-62
11.180.009/0001-48,KAPITALO INVESTIMENTOS LTDA,KAPITALO TARKUS MÁSTER FUNDO DE INVESTIMENTO EM AÇÕES,DIRR3,Ações,28.747.676/0001-62
11.180.009/0001-48,KAPITALO INVESTIMENTOS LTDA,KAPITALO TARKUS MÁSTER FUNDO DE INVESTIMENTO EM AÇÕES,ARML3,Ações,28.747.676/0001-62
11.180.009/0001-48,KAPITALO INVESTIMENTOS LTDA,KAPITALO TARKUS MÁSTER FUNDO DE INVESTIMENTO EM AÇÕES,POMO4,Ações,28.747.676/0001-62
11.180.009/0001-48,KAPITALO INVESTIMENTOS LTDA,KAPITALO TARKUS MÁSTER FUNDO DE INVESTIMENTO EM AÇÕES,MTRE3,Ações,28.747.676/0001-62
11.180.009/0001-48,KAPITALO INVESTIMENTOS LTDA,KAPITALO TARKUS MÁSTER FUNDO DE INVESTIMENTO EM AÇÕES,LJQQ3,Ações,28.747.676/0001-62
11.180.009/0001-48,KAPITALO INVESTIMENTOS LTDA,KAPITALO TARKUS MÁSTER FUNDO DE INVESTIMENTO EM AÇÕES,HBSA3,Ações,28.747.676/0001-62
11.180.009/0001-48,KAPITALO INVESTIMENTOS LTDA,KAPITALO TARKUS MÁSTER FUNDO DE INVESTIMENTO EM AÇÕES,VALE3,Ações,28.747.676/0001-62
11.180.009/0001-48,KAPITALO INVESTIMENTOS LTDA,KAPITALO TARKUS MÁSTER FUNDO DE INVESTIMENTO EM AÇÕES,CRFB3,Ações,28.747.676/0001-62
11.180.009/0001-48,KAPITALO INVESTIMENTOS LTDA,KAPITALO TARKUS MÁSTER FUNDO DE INVESTIMENTO EM AÇÕES,ANIM3,Ações,28.747.676/0001-62
11.180.009/0001-48,KAPITALO INVESTIMENTOS LTDA,KAPITALO TARKUS MÁSTER FUNDO DE INVESTIMENTO EM AÇÕES,MRFG3,Ações,28.747.676/0001-62
11.180.009/0001-48,KAPITALO INVESTIMENTOS LTDA,KAPITALO TARKUS MÁSTER FUNDO DE INVESTIMENTO EM AÇÕES,TEND3,Ações,28.747.676/0001-62
11.180.009/0001-48,KAPITALO INVESTIMENTOS LTDA,KAPITALO TARKUS MÁSTER FUNDO DE INVESTIMENTO EM AÇÕES,CMIG4,Ações,28.747.676/0001-62
11.180.009/0001-48,KAPITALO INVESTIMENTOS LTDA,KAPITALO TARKUS MÁSTER FUNDO DE INVESTIMENTO EM AÇÕES,TCSA3,Ações,28.747.676/0001-62
11.180.009/0001-48,KAPITALO INVESTIMENTOS LTDA,KAPITALO TARKUS MÁSTER FUNDO DE INVESTIMENTO EM AÇÕES,MGLU3,Ações,28.747.676/0001-62
11.180.009/0001-48,KAPITALO INVESTIMENTOS LTDA,KAPITALO TARKUS MÁSTER FUNDO DE INVESTIMENTO EM AÇÕES,HBOR3,Ações,28.747.676/0001-62
11.180.009/0001-48,KAPITALO INVESTIMENTOS LTDA,KAPITALO TARKUS MÁSTER FUNDO DE INVESTIMENTO EM AÇÕES,NEOE3,Ações,28.747.676/0001-62
11.180.009/0001-48,KAPITALO INVESTIMENTOS LTDA,KAPITALO TARKUS MÁSTER FUNDO DE INVESTIMENTO EM AÇÕES,SUZB3,Ações e outros TVM cedidos em empréstimo,28.747.676/0001-62
11.180.009/0001-48,KAPITALO INVESTIMENTOS LTDA,KAPITALO TARKUS MÁSTER FUNDO DE INVESTIMENTO EM AÇÕES,HAPV3,Ações e outros TVM cedidos em empréstimo,28.747.676/0001-62
11.180.009/0001-48,KAPITALO INVESTIMENTOS LTDA,KAPITALO TARKUS MÁSTER FUNDO DE INVESTIMENTO EM AÇÕES,EMBR3,Ações e outros TVM cedidos em empréstimo,28.747.676/0001-62
11.180.009/0001-48,KAPITALO INVESTIMENTOS LTDA,KAPITALO TARKUS MÁSTER FUNDO DE INVESTIMENTO EM AÇÕES,PETR3,Ações e outros TVM cedidos em empréstimo,28.747.676/0001-62
11.180.009/0001-48,KAPITALO INVESTIMENTOS LTDA,KAPITALO TARKUS MÁSTER FUNDO DE INVESTIMENTO EM AÇÕES,CMIG3,Ações e outros TVM cedidos em empréstimo,28.747.676/0001-62
11.180.009/0001-48,KAPITALO INVESTIMENTOS LTDA,KAPITALO TARKUS MÁSTER FUNDO DE INVESTIMENTO EM AÇÕES,USIM5,Ações e outros TVM cedidos em empréstimo,28.747.676/0001-62
11.180.009/0001-48,KAPITALO INVESTIMENTOS LTDA,KAPITALO TARKUS MÁSTER FUNDO DE INVESTIMENTO EM AÇÕES,IFCM3,Ações e outros TVM cedidos em empréstimo,28.747.676/0001-62
11.180.009/0001-48,KAPITALO INVESTIMENTOS LTDA,KAPITALO TARKUS MÁSTER FUNDO DE INVESTIMENTO EM AÇÕES,MRFG3,Ações e outros TVM cedidos em empréstimo,28.747.676/0001-62
11.180.009/0001-48,KAPITALO INVESTIMENTOS LTDA,KAPITALO TARKUS MÁSTER FUNDO DE INVESTIMENTO EM AÇÕES,WEST3,Ações e outros TVM cedidos em empréstimo,28.747.676/0001-62
11.180.009/0001-48,KAPITALO INVESTIMENTOS LTDA,KAPITALO TARKUS MÁSTER FUNDO DE INVESTIMENTO EM AÇÕES,AMER3,Ações e outros TVM cedidos em empréstimo,28.747.676/0001-62
11.180.009/0001-48,KAPITALO INVESTIMENTOS LTDA,KAPITALO TARKUS MÁSTER FUNDO DE INVESTIMENTO EM AÇÕES,CMIN3,Ações e outros TVM cedidos em empréstimo,28.747.676/0001-62
11.180.009/0001-48,KAPITALO INVESTIMENTOS LTDA,KAPITALO TARKUS MÁSTER FUNDO DE INVESTIMENTO EM AÇÕES,AURA33,Brazilian Depository Receipt - BDR,28.747.676/0001-62
11.180.009/0001-48,KAPITALO INVESTIMENTOS LTDA,KAPITALO TARKUS MÁSTER FUNDO DE INVESTIMENTO EM AÇÕES,BPAC11,Certificado ou recibo de depósito de valores mobiliários,28.747.676/0001-62
11.180.009/0001-48,KAPITALO INVESTIMENTOS LTDA,KAPITALO TARKUS MÁSTER FUNDO DE INVESTIMENTO EM AÇÕES,34.964.555/0001-75,Cotas de Fundos,28.747.676/0001-62
11.180.009/0001-48,KAPITALO INVESTIMENTOS LTDA,KAPITALO TARKUS MÁSTER FUNDO DE INVESTIMENTO EM AÇÕES,40.365.982/0001-30,Cotas de Fundos,28.747.676/0001-62
11.180.009/0001-48,KAPITALO INVESTIMENTOS LTDA,KAPITALO TARKUS MÁSTER FUNDO DE INVESTIMENTO EM AÇÕES,27.635.189/0001-45,Cotas de Fundos,28.747.676/0001-62
11.180.009/0001-48,KAPITALO INVESTIMENTOS LTDA,KAPITALO TARKUS MÁSTER FUNDO DE INVESTIMENTO EM AÇÕES,10.406.511/0001-61,Cotas de Fundos,28.747.676/0001-62
11.180.009/0001-48,KAPITALO INVESTIMENTOS LTDA,KAPITALO TARKUS MÁSTER FUNDO DE INVESTIMENTO EM AÇÕES,AZUL11,Debênture conversível,28.747.676/0001-62
11.180.009/0001-48,KAPITALO INVESTIMENTOS LTDA,KAPITALO TARKUS MÁSTER FUNDO DE INVESTIMENTO EM AÇÕES,Disponibilidade,Disponibilidades,28.747.676/0001-62
11.180.009/0001-48,KAPITALO INVESTIMENTOS LTDA,KAPITALO TARKUS MÁSTER FUNDO DE INVESTIMENTO EM AÇÕES,Investimento no Exterior,Investimento no Exterior,28.747.676/0001-62
11.180.009/0001-48,KAPITALO INVESTIMENTOS LTDA,KAPITALO TARKUS MÁSTER FUNDO DE INVESTIMENTO EM AÇÕES,FUTWDON22,Mercado Futuro - Posições compradas,28.747.676/0001-62
11.180.009/0001-48,KAPITALO INVESTIMENTOS LTDA,KAPITALO TARKUS MÁSTER FUNDO DE INVESTIMENTO EM AÇÕES,FUTWDOQ22,Mercado Futuro - Posições compradas,28.747.676/0001-62
11.180.009/0001-48,KAPITALO INVESTIMENTOS LTDA,KAPITALO TARKUS MÁSTER FUNDO DE INVESTIMENTO EM AÇÕES,FUTWINQ22,Mercado Futuro - Posições compradas,28.747.676/0001-62
11.180.009/0001-48,KAPITALO INVESTIMENTOS LTDA,KAPITALO TARKUS MÁSTER FUNDO DE INVESTIMENTO EM AÇÕES,FUTDOLN22,Mercado Futuro - Posições vendidas,28.747.676/0001-62
11.180.009/0001-48,KAPITALO INVESTIMENTOS LTDA,KAPITALO TARKUS MÁSTER FUNDO DE INVESTIMENTO EM AÇÕES,FUTDOLQ22,Mercado Futuro - Posições vendidas,28.747.676/0001-62
11.180.009/0001-48,KAPITALO INVESTIMENTOS LTDA,KAPITALO TARKUS MÁSTER FUNDO DE INVESTIMENTO EM AÇÕES,BOVA11,Obrigações por ações e outros TVM recebidos em empréstimo,28.747.676/0001-62
11.180.009/0001-48,KAPITALO INVESTIMENTOS LTDA,KAPITALO TARKUS MÁSTER FUNDO DE INVESTIMENTO EM AÇÕES,ABEV3,Obrigações por ações e outros TVM recebidos em empréstimo,28.747.676/0001-62
11.180.009/0001-48,KAPITALO INVESTIMENTOS LTDA,KAPITALO TARKUS MÁSTER FUNDO DE INVESTIMENTO EM AÇÕES,TOTS3,Obrigações por ações e outros TVM recebidos em empréstimo,28.747.676/0001-62
11.180.009/0001-48,KAPITALO INVESTIMENTOS LTDA,KAPITALO TARKUS MÁSTER FUNDO DE INVESTIMENTO EM AÇÕES,ASAI3,Obrigações por ações e outros TVM recebidos em empréstimo,28.747.676/0001-62
11.180.009/0001-48,KAPITALO INVESTIMENTOS LTDA,KAPITALO TARKUS MÁSTER FUNDO DE INVESTIMENTO EM AÇÕES,YDUQ3,Obrigações por ações e outros TVM recebidos em empréstimo,28.747.676/0001-62
11.180.009/0001-48,KAPITALO INVESTIMENTOS LTDA,KAPITALO TARKUS MÁSTER FUNDO DE INVESTIMENTO EM AÇÕES,ENEV3,Obrigações por ações e outros TVM recebidos em empréstimo,28.747.676/0001-62
11.180.009/0001-48,KAPITALO INVESTIMENTOS LTDA,KAPITALO TARKUS MÁSTER FUNDO DE INVESTIMENTO EM AÇÕES,INTB3,Obrigações por ações e outros TVM recebidos em empréstimo,28.747.676/0001-62
11.180.009/0001-48,KAPITALO INVESTIMENTOS LTDA,KAPITALO TARKUS MÁSTER FUNDO DE INVESTIMENTO EM AÇÕES,CYRE3,Obrigações por ações e outros TVM recebidos em empréstimo,28.747.676/0001-62
11.180.009/0001-48,KAPITALO INVESTIMENTOS LTDA,KAPITALO TARKUS MÁSTER FUNDO DE INVESTIMENTO EM AÇÕES,MRVE3,Obrigações por ações e outros TVM recebidos em empréstimo,28.747.676/0001-62
11.180.009/0001-48,KAPITALO INVESTIMENTOS LTDA,KAPITALO TARKUS MÁSTER FUNDO DE INVESTIMENTO EM AÇÕES,NTCO3,Obrigações por ações e outros TVM recebidos em empréstimo,28.747.676/0001-62
11.180.009/0001-48,KAPITALO INVESTIMENTOS LTDA,KAPITALO TARKUS MÁSTER FUNDO DE INVESTIMENTO EM AÇÕES,BRKM5,Obrigações por ações e outros TVM recebidos em empréstimo,28.747.676/0001-62
11.180.009/0001-48,KAPITALO INVESTIMENTOS LTDA,KAPITALO TARKUS MÁSTER FUNDO DE INVESTIMENTO EM AÇÕES,MGLU3,Obrigações por ações e outros TVM recebidos em empréstimo,28.747.676/0001-62
11.180.009/0001-48,KAPITALO INVESTIMENTOS LTDA,KAPITALO TARKUS MÁSTER FUNDO DE INVESTIMENTO EM AÇÕES,SBFG3,Obrigações por ações e outros TVM recebidos em empréstimo,28.747.676/0001-62
11.180.009/0001-48,KAPITALO INVESTIMENTOS LTDA,KAPITALO TARKUS MÁSTER FUNDO DE INVESTIMENTO EM AÇÕES,VIVA3,Obrigações por ações e outros TVM recebidos em empréstimo,28.747.676/0001-62
11.180.009/0001-48,KAPITALO INVESTIMENTOS LTDA,KAPITALO TARKUS MÁSTER FUNDO DE INVESTIMENTO EM AÇÕES,PETZ3,Obrigações por ações e outros TVM recebidos em empréstimo,28.747.676/0001-62
11.180.009/0001-48,KAPITALO INVESTIMENTOS LTDA,KAPITALO TARKUS MÁSTER FUNDO DE INVESTIMENTO EM AÇÕES,UGPA3,Obrigações por ações e outros TVM recebidos em empréstimo,28.747.676/0001-62
11.180.009/0001-48,KAPITALO INVESTIMENTOS LTDA,KAPITALO TARKUS MÁSTER FUNDO DE INVESTIMENTO EM AÇÕES,COGN3,Obrigações por ações e outros TVM recebidos em empréstimo,28.747.676/0001-62
11.180.009/0001-48,KAPITALO INVESTIMENTOS LTDA,KAPITALO TARKUS MÁSTER FUNDO DE INVESTIMENTO EM AÇÕES,ELET3,Obrigações por ações e outros TVM recebidos em empréstimo,28.747.676/0001-62
11.180.009/0001-48,KAPITALO INVESTIMENTOS LTDA,KAPITALO TARKUS MÁSTER FUNDO DE INVESTIMENTO EM AÇÕES,MYPK3,Obrigações por ações e outros TVM recebidos em empréstimo,28.747.676/0001-62
11.180.009/0001-48,KAPITALO INVESTIMENTOS LTDA,KAPITALO TARKUS MÁSTER FUNDO DE INVESTIMENTO EM AÇÕES,VAMO3,Obrigações por ações e outros TVM recebidos em empréstimo,28.747.676/0001-62
11.180.009/0001-48,KAPITALO INVESTIMENTOS LTDA,KAPITALO TARKUS MÁSTER FUNDO DE INVESTIMENTO EM AÇÕES,DIRR3,Obrigações por ações e outros TVM recebidos em empréstimo,28.747.676/0001-62
11.180.009/0001-48,KAPITALO INVESTIMENTOS LTDA,KAPITALO TARKUS MÁSTER FUNDO DE INVESTIMENTO EM AÇÕES,EZTC3,Obrigações por ações e outros TVM recebidos em empréstimo,28.747.676/0001-62
11.180.009/0001-48,KAPITALO INVESTIMENTOS LTDA,KAPITALO TARKUS MÁSTER FUNDO DE INVESTIMENTO EM AÇÕES,ABCB4,Obrigações por ações e outros TVM recebidos em empréstimo,28.747.676/0001-62
11.180.009/0001-48,KAPITALO INVESTIMENTOS LTDA,KAPITALO TARKUS MÁSTER FUNDO DE INVESTIMENTO EM AÇÕES,ARML3,Obrigações por ações e outros TVM recebidos em empréstimo,28.747.676/0001-62
11.180.009/0001-48,KAPITALO INVESTIMENTOS LTDA,KAPITALO TARKUS MÁSTER FUNDO DE INVESTIMENTO EM AÇÕES,ELET6,Obrigações por ações e outros TVM recebidos em empréstimo,28.747.676/0001-62
11.180.009/0001-48,KAPITALO INVESTIMENTOS LTDA,KAPITALO TARKUS MÁSTER FUNDO DE INVESTIMENTO EM AÇÕES,LJQQ3,Obrigações por ações e outros TVM recebidos em empréstimo,28.747.676/0001-62
11.180.009/0001-48,KAPITALO INVESTIMENTOS LTDA,KAPITALO TARKUS MÁSTER FUNDO DE INVESTIMENTO EM AÇÕES,HBSA3,Obrigações por ações e outros TVM recebidos em empréstimo,28.747.676/0001-62
11.180.009/0001-48,KAPITALO INVESTIMENTOS LTDA,KAPITALO TARKUS MÁSTER FUNDO DE INVESTIMENTO EM AÇÕES,TUPY3,Obrigações por ações e outros TVM recebidos em empréstimo,28.747.676/0001-62
11.180.009/0001-48,KAPITALO INVESTIMENTOS LTDA,KAPITALO TARKUS MÁSTER FUNDO DE INVESTIMENTO EM AÇÕES,VIIA3,Obrigações por ações e outros TVM recebidos em empréstimo,28.747.676/0001-62
11.180.009/0001-48,KAPITALO INVESTIMENTOS LTDA,KAPITALO TARKUS MÁSTER FUNDO DE INVESTIMENTO EM AÇÕES,ANIM3,Obrigações por ações e outros TVM recebidos em empréstimo,28.747.676/0001-62
11.180.009/0001-48,KAPITALO INVESTIMENTOS LTDA,KAPITALO TARKUS MÁSTER FUNDO DE INVESTIMENTO EM AÇÕES,MTRE3,Obrigações por ações e outros TVM recebidos em empréstimo,28.747.676/0001-62
11.180.009/0001-48,KAPITALO INVESTIMENTOS LTDA,KAPITALO TARKUS MÁSTER FUNDO DE INVESTIMENTO EM AÇÕES,RAPT4,Obrigações por ações e outros TVM recebidos em empréstimo,28.747.676/0001-62
11.180.009/0001-48,KAPITALO INVESTIMENTOS LTDA,KAPITALO TARKUS MÁSTER FUNDO DE INVESTIMENTO EM AÇÕES,TEND3,Obrigações por ações e outros TVM recebidos em empréstimo,28.747.676/0001-62
11.180.009/0001-48,KAPITALO INVESTIMENTOS LTDA,KAPITALO TARKUS MÁSTER FUNDO DE INVESTIMENTO EM AÇÕES,TCSA3,Obrigações por ações e outros TVM recebidos em empréstimo,28.747.676/0001-62
11.180.009/0001-48,KAPITALO INVESTIMENTOS LTDA,KAPITALO TARKUS MÁSTER FUNDO DE INVESTIMENTO EM AÇÕES,HBOR3,Obrigações por ações e outros TVM recebidos em empréstimo,28.747.676/0001-62
11.180.009/0001-48,KAPITALO INVESTIMENTOS LTDA,KAPITALO TARKUS MÁSTER FUNDO DE INVESTIMENTO EM AÇÕES,POMO4,Obrigações por ações e outros TVM recebidos em empréstimo,28.747.676/0001-62
11.180.009/0001-48,KAPITALO INVESTIMENTOS LTDA,KAPITALO TARKUS MÁSTER FUNDO DE INVESTIMENTO EM AÇÕES,NEOE3,Obrigações por ações e outros TVM recebidos em empréstimo,28.747.676/0001-62
11.180.009/0001-48,KAPITALO INVESTIMENTOS LTDA,KAPITALO TARKUS MÁSTER FUNDO DE INVESTIMENTO EM AÇÕES,Operações Compromissadas,Operações Compromissadas,28.747.676/0001-62
11.180.009/0001-48,KAPITALO INVESTIMENTOS LTDA,KAPITALO TARKUS MÁSTER FUNDO DE INVESTIMENTO EM AÇÕES,Valores a Pagar,Valores a pagar,28.747.676/0001-62
11.180.009/0001-48,KAPITALO INVESTIMENTOS LTDA,KAPITALO TARKUS MÁSTER FUNDO DE INVESTIMENTO EM AÇÕES,Valores a Receber,Valores a receber,28.747.676/0001-62
40.788.864/0001-34,TOWER THREE RV GESTORA DE RECURSOS LTDA.,T3 FIFE FUNDO DE INVESTIMENTO MULTIMERCADO CRÉDITO PRIVADO,PETR4,Ações,44.916.972/0001-04
40.788.864/0001-34,TOWER THREE RV GESTORA DE RECURSOS LTDA.,T3 FIFE FUNDO DE INVESTIMENTO MULTIMERCADO CRÉDITO PRIVADO,RADL3,Ações,44.916.972/0001-04
40.788.864/0001-34,TOWER THREE RV GESTORA DE RECURSOS LTDA.,T3 FIFE FUNDO DE INVESTIMENTO MULTIMERCADO CRÉDITO PRIVADO,BBDC3,Ações,44.916.972/0001-04
40.788.864/0001-34,TOWER THREE RV GESTORA DE RECURSOS LTDA.,T3 FIFE FUNDO DE INVESTIMENTO MULTIMERCADO CRÉDITO PRIVADO,BRPR3,Ações,44.916.972/0001-04
40.788.864/0001-34,TOWER THREE RV GESTORA DE RECURSOS LTDA.,T3 FIFE FUNDO DE INVESTIMENTO MULTIMERCADO CRÉDITO PRIVADO,UGPA3,Ações,44.916.972/0001-04
40.788.864/0001-34,TOWER THREE RV GESTORA DE RECURSOS LTDA.,T3 FIFE FUNDO DE INVESTIMENTO MULTIMERCADO CRÉDITO PRIVADO,MULT3,Ações,44.916.972/0001-04
40.788.864/0001-34,TOWER THREE RV GESTORA DE RECURSOS LTDA.,T3 FIFE FUNDO DE INVESTIMENTO MULTIMERCADO CRÉDITO PRIVADO,PCAR3,Ações,44.916.972/0001-04
40.788.864/0001-34,TOWER THREE RV GESTORA DE RECURSOS LTDA.,T3 FIFE FUNDO DE INVESTIMENTO MULTIMERCADO CRÉDITO PRIVADO,ITUB3,Ações,44.916.972/0001-04
40.788.864/0001-34,TOWER THREE RV GESTORA DE RECURSOS LTDA.,T3 FIFE FUNDO DE INVESTIMENTO MULTIMERCADO CRÉDITO PRIVADO,AZUL4,Ações,44.916.972/0001-04
40.788.864/0001-34,TOWER THREE RV GESTORA DE RECURSOS LTDA.,T3 FIFE FUNDO DE INVESTIMENTO MULTIMERCADO CRÉDITO PRIVADO,ITUB4,Ações,44.916.972/0001-04
40.788.864/0001-34,TOWER THREE RV GESTORA DE RECURSOS LTDA.,T3 FIFE FUNDO DE INVESTIMENTO MULTIMERCADO CRÉDITO PRIVADO,BRFS3,Ações,44.916.972/0001-04
40.788.864/0001-34,TOWER THREE RV GESTORA DE RECURSOS LTDA.,T3 FIFE FUNDO DE INVESTIMENTO MULTIMERCADO CRÉDITO PRIVADO,TOTS3,Ações,44.916.972/0001-04
40.788.864/0001-34,TOWER THREE RV GESTORA DE RECURSOS LTDA.,T3 FIFE FUNDO DE INVESTIMENTO MULTIMERCADO CRÉDITO PRIVADO,VALE3,Ações,44.916.972/0001-04
40.788.864/0001-34,TOWER THREE RV GESTORA DE RECURSOS LTDA.,T3 FIFE FUNDO DE INVESTIMENTO MULTIMERCADO CRÉDITO PRIVADO,LREN3,Ações,44.916.972/0001-04
40.788.864/0001-34,TOWER THREE RV GESTORA DE RECURSOS LTDA.,T3 FIFE FUNDO DE INVESTIMENTO MULTIMERCADO CRÉDITO PRIVADO,RAIL3,Ações,44.916.972/0001-04
40.788.864/0001-34,TOWER THREE RV GESTORA DE RECURSOS LTDA.,T3 FIFE FUNDO DE INVESTIMENTO MULTIMERCADO CRÉDITO PRIVADO,ABEV3,Ações,44.916.972/0001-04
40.788.864/0001-34,TOWER THREE RV GESTORA DE RECURSOS LTDA.,T3 FIFE FUNDO DE INVESTIMENTO MULTIMERCADO CRÉDITO PRIVADO,ARZZ3,Ações,44.916.972/0001-04
40.788.864/0001-34,TOWER THREE RV GESTORA DE RECURSOS LTDA.,T3 FIFE FUNDO DE INVESTIMENTO MULTIMERCADO CRÉDITO PRIVADO,SBFG3,Ações,44.916.972/0001-04
40.788.864/0001-34,TOWER THREE RV GESTORA DE RECURSOS LTDA.,T3 FIFE FUNDO DE INVESTIMENTO MULTIMERCADO CRÉDITO PRIVADO,HYPE3,Ações,44.916.972/0001-04
40.788.864/0001-34,TOWER THREE RV GESTORA DE RECURSOS LTDA.,T3 FIFE FUNDO DE INVESTIMENTO MULTIMERCADO CRÉDITO PRIVADO,INTB3,Ações,44.916.972/0001-04
40.788.864/0001-34,TOWER THREE RV GESTORA DE RECURSOS LTDA.,T3 FIFE FUNDO DE INVESTIMENTO MULTIMERCADO CRÉDITO PRIVADO,ELET6,Ações,44.916.972/0001-04
40.788.864/0001-34,TOWER THREE RV GESTORA DE RECURSOS LTDA.,T3 FIFE FUNDO DE INVESTIMENTO MULTIMERCADO CRÉDITO PRIVADO,TIMS3,Ações,44.916.972/0001-04
40.788.864/0001-34,TOWER THREE RV GESTORA DE RECURSOS LTDA.,T3 FIFE FUNDO DE INVESTIMENTO MULTIMERCADO CRÉDITO PRIVADO,CRFB3,Ações,44.916.972/0001-04
40.788.864/0001-34,TOWER THREE RV GESTORA DE RECURSOS LTDA.,T3 FIFE FUNDO DE INVESTIMENTO MULTIMERCADO CRÉDITO PRIVADO,BBAS3,Ações,44.916.972/0001-04
40.788.864/0001-34,TOWER THREE RV GESTORA DE RECURSOS LTDA.,T3 FIFE FUNDO DE INVESTIMENTO MULTIMERCADO CRÉDITO PRIVADO,STBP3,Ações,44.916.972/0001-04
40.788.864/0001-34,TOWER THREE RV GESTORA DE RECURSOS LTDA.,T3 FIFE FUNDO DE INVESTIMENTO MULTIMERCADO CRÉDITO PRIVADO,ELET3,Ações,44.916.972/0001-04
40.788.864/0001-34,TOWER THREE RV GESTORA DE RECURSOS LTDA.,T3 FIFE FUNDO DE INVESTIMENTO MULTIMERCADO CRÉDITO PRIVADO,IGTI11,Certificado ou recibo de depósito de valores mobiliários,44.916.972/0001-04
40.788.864/0001-34,TOWER THREE RV GESTORA DE RECURSOS LTDA.,T3 FIFE FUNDO DE INVESTIMENTO MULTIMERCADO CRÉDITO PRIVADO,10.406.600/0001-08,Cotas de Fundos,44.916.972/0001-04
40.788.864/0001-34,TOWER THREE RV GESTORA DE RECURSOS LTDA.,T3 FIFE FUNDO DE INVESTIMENTO MULTIMERCADO CRÉDITO PRIVADO,Disponibilidade,Disponibilidades,44.916.972/0001-04
40.788.864/0001-34,TOWER THREE RV GESTORA DE RECURSOS LTDA.,T3 FIFE FUNDO DE INVESTIMENTO MULTIMERCADO CRÉDITO PRIVADO,FUTWINQ22,Mercado Futuro - Posições vendidas,44.916.972/0001-04
40.788.864/0001-34,TOWER THREE RV GESTORA DE RECURSOS LTDA.,T3 FIFE FUNDO DE INVESTIMENTO MULTIMERCADO CRÉDITO PRIVADO,FUTWDOQ22,Mercado Futuro - Posições vendidas,44.916.972/0001-04
40.788.864/0001-34,TOWER THREE RV GESTORA DE RECURSOS LTDA.,T3 FIFE FUNDO DE INVESTIMENTO MULTIMERCADO CRÉDITO PRIVADO,Operações Compromissadas,Operações Compromissadas,44.916.972/0001-04
40.788.864/0001-34,TOWER THREE RV GESTORA DE RECURSOS LTDA.,T3 FIFE FUNDO DE INVESTIMENTO MULTIMERCADO CRÉDITO PRIVADO,Valores a Pagar,Valores a pagar,44.916.972/0001-04
40.788.864/0001-34,TOWER THREE RV GESTORA DE RECURSOS LTDA.,T3 FIFE FUNDO DE INVESTIMENTO MULTIMERCADO CRÉDITO PRIVADO,Valores a Pagar - Posição Vendida de PETR3,Valores a pagar,44.916.972/0001-04
40.788.864/0001-34,TOWER THREE RV GESTORA DE RECURSOS LTDA.,T3 FIFE FUNDO DE INVESTIMENTO MULTIMERCADO CRÉDITO PRIVADO,Valores a Pagar - Posição Vendida de BBDC4,Valores a pagar,44.916.972/0001-04
40.788.864/0001-34,TOWER THREE RV GESTORA DE RECURSOS LTDA.,T3 FIFE FUNDO DE INVESTIMENTO MULTIMERCADO CRÉDITO PRIVADO,Valores a Receber,Valores a receber,44.916.972/0001-04
11.180.009/0001-48,KAPITALO INVESTIMENTOS LTDA,KAPITALO TARKUS MÁSTER FUNDO DE INVESTIMENTO EM AÇÕES,UGPA3,Ações,28.747.676/0001-62
11.180.009/0001-48,KAPITALO INVESTIMENTOS LTDA,KAPITALO TARKUS MÁSTER FUNDO DE INVESTIMENTO EM AÇÕES,LWSA3,Ações e outros TVM cedidos em empréstimo,28.747.676/0001-62
11.180.009/0001-48,KAPITALO INVESTIMENTOS LTDA,KAPITALO TARKUS MÁSTER FUNDO DE INVESTIMENTO EM AÇÕES,RRRP3,Ações e outros TVM cedidos em empréstimo,28.747.676/0001-62
11.180.009/0001-48,KAPITALO INVESTIMENTOS LTDA,KAPITALO TARKUS MÁSTER FUNDO DE INVESTIMENTO EM AÇÕES,FUTWINM22,Mercado Futuro - Posições compradas,28.747.676/0001-62
11.180.009/0001-48,KAPITALO INVESTIMENTOS LTDA,KAPITALO TARKUS MÁSTER FUNDO DE INVESTIMENTO EM AÇÕES,FUTDOLM22,Mercado Futuro - Posições compradas,28.747.676/0001-62
11.180.009/0001-48,KAPITALO INVESTIMENTOS LTDA,KAPITALO TARKUS MÁSTER FUNDO DE INVESTIMENTO EM AÇÕES,FUTWDOM22,Mercado Futuro - Posições vendidas,28.747.676/0001-62
11.180.009/0001-48,KAPITALO INVESTIMENTOS LTDA,KAPITALO TARKUS MÁSTER FUNDO DE INVESTIMENTO EM AÇÕES,FUTWDON22,Mercado Futuro - Posições vendidas,28.747.676/0001-62
11.180.009/0001-48,KAPITALO INVESTIMENTOS LTDA,KAPITALO TARKUS MÁSTER FUNDO DE INVESTIMENTO EM AÇÕES,EVEN3,Obrigações por ações e outros TVM recebidos em empréstimo,28.747.676/0001-62
11.180.009/0001-48,KAPITALO INVESTIMENTOS LTDA,KAPITALO TARKUS MÁSTER FUNDO DE INVESTIMENTO EM AÇÕES,ASAI3,Ações,28.747.676/0001-62
11.180.009/0001-48,KAPITALO INVESTIMENTOS LTDA,KAPITALO TARKUS MÁSTER FUNDO DE INVESTIMENTO EM AÇÕES,EVEN3,Ações,28.747.676/0001-62
11.180.009/0001-48,KAPITALO INVESTIMENTOS LTDA,KAPITALO TARKUS MÁSTER FUNDO DE INVESTIMENTO EM AÇÕES,EZTC3,Ações,28.747.676/0001-62
11.180.009/0001-48,KAPITALO INVESTIMENTOS LTDA,KAPITALO TARKUS MÁSTER FUNDO DE INVESTIMENTO EM AÇÕES,CSNA3,Ações e outros TVM cedidos em empréstimo,28.747.676/0001-62
11.180.009/0001-48,KAPITALO INVESTIMENTOS LTDA,KAPITALO TARKUS MÁSTER FUNDO DE INVESTIMENTO EM AÇÕES,FUTWDOK22,Mercado Futuro - Posições compradas,28.747.676/0001-62
11.180.009/0001-48,KAPITALO INVESTIMENTOS LTDA,KAPITALO TARKUS MÁSTER FUNDO DE INVESTIMENTO EM AÇÕES,FUTDOLM22,Mercado Futuro - Posições vendidas,28.747.676/0001-62
11.180.009/0001-48,KAPITALO INVESTIMENTOS LTDA,KAPITALO TARKUS MÁSTER FUNDO DE INVESTIMENTO EM AÇÕES,FUTDOLK22,Mercado Futuro - Posições vendidas,28.747.676/0001-62
11.180.009/0001-48,KAPITALO INVESTIMENTOS LTDA,KAPITALO TARKUS MÁSTER FUNDO DE INVESTIMENTO EM AÇÕES,CSNA3,Obrigações por ações e outros TVM recebidos em empréstimo,28.747.676/0001-62
11.180.009/0001-48,KAPITALO INVESTIMENTOS LTDA,KAPITALO TARKUS MÁSTER FUNDO DE INVESTIMENTO EM AÇÕES,Outras aplicações,Outras aplicações,28.747.676/0001-62
11.180.009/0001-48,KAPITALO INVESTIMENTOS LTDA,KAPITALO TARKUS MÁSTER FUNDO DE INVESTIMENTO EM AÇÕES,AZUL4,Ações e outros TVM cedidos em empréstimo,28.747.676/0001-62
11.180.009/0001-48,KAPITALO INVESTIMENTOS LTDA,KAPITALO TARKUS MÁSTER FUNDO DE INVESTIMENTO EM AÇÕES,LREN3,Ações e outros TVM cedidos em empréstimo,28.747.676/0001-62
11.180.009/0001-48,KAPITALO INVESTIMENTOS LTDA,KAPITALO TARKUS MÁSTER FUNDO DE INVESTIMENTO EM AÇÕES,AMER9,Ações e outros TVM cedidos em empréstimo,28.747.676/0001-62
11.180.009/0001-48,KAPITALO INVESTIMENTOS LTDA,KAPITALO TARKUS MÁSTER FUNDO DE INVESTIMENTO EM AÇÕES,FUTWDOJ22,Mercado Futuro - Posições compradas,28.747.676/0001-62
11.180.009/0001-48,KAPITALO INVESTIMENTOS LTDA,KAPITALO TARKUS MÁSTER FUNDO DE INVESTIMENTO EM AÇÕES,FUTWINJ22,Mercado Futuro - Posições compradas,28.747.676/0001-62
11.180.009/0001-48,KAPITALO INVESTIMENTOS LTDA,KAPITALO TARKUS MÁSTER FUNDO DE INVESTIMENTO EM AÇÕES,FUTDOLJ22,Mercado Futuro - Posições vendidas,28.747.676/0001-62
11.180.009/0001-48,KAPITALO INVESTIMENTOS LTDA,KAPITALO TARKUS MÁSTER FUNDO DE INVESTIMENTO EM AÇÕES,FUTWDOK22,Mercado Futuro - Posições vendidas,28.747.676/0001-62
11.180.009/0001-48,KAPITALO INVESTIMENTOS LTDA,KAPITALO TARKUS MÁSTER FUNDO DE INVESTIMENTO EM AÇÕES,VALE3,Obrigações por ações e outros TVM recebidos em empréstimo,28.747.676/0001-62
11.180.009/0001-48,KAPITALO INVESTIMENTOS LTDA,KAPITALO TARKUS MÁSTER FUNDO DE INVESTIMENTO EM AÇÕES,PETRD328,Opções - Posições titulares,28.747.676/0001-62
11.180.009/0001-48,KAPITALO INVESTIMENTOS LTDA,KAPITALO TARKUS MÁSTER FUNDO DE INVESTIMENTO EM AÇÕES,Outros valores mobiliários registrados na CVM objeto de oferta pública,Outros valores mobiliários registrados na CVM objeto de oferta pública,28.747.676/0001-62
11.180.009/0001-48,KAPITALO INVESTIMENTOS LTDA,KAPITALO TARKUS MÁSTER FUNDO DE INVESTIMENTO EM AÇÕES,Valores a Pagar - Posição Vendida de BOVA11,Valores a pagar,28.747.676/0001-62
11.180.009/0001-48,KAPITALO INVESTIMENTOS LTDA,KAPITALO TARKUS MÁSTER FUNDO DE INVESTIMENTO EM AÇÕES,VIVA3,Ações,28.747.676/0001-62
11.180.009/0001-48,KAPITALO INVESTIMENTOS LTDA,KAPITALO TARKUS MÁSTER FUNDO DE INVESTIMENTO EM AÇÕES,BRAP4,Ações,28.747.676/0001-62
11.180.009/0001-48,KAPITALO INVESTIMENTOS LTDA,KAPITALO TARKUS MÁSTER FUNDO DE INVESTIMENTO EM AÇÕES,RAIL3,Ações,28.747.676/0001-62
11.180.009/0001-48,KAPITALO INVESTIMENTOS LTDA,KAPITALO TARKUS MÁSTER FUNDO DE INVESTIMENTO EM AÇÕES,HYPE3,Ações e outros TVM cedidos em empréstimo,28.747.676/0001-62
11.180.009/0001-48,KAPITALO INVESTIMENTOS LTDA,KAPITALO TARKUS MÁSTER FUNDO DE INVESTIMENTO EM AÇÕES,ECOR3,Ações e outros TVM cedidos em empréstimo,28.747.676/0001-62
11.180.009/0001-48,KAPITALO INVESTIMENTOS LTDA,KAPITALO TARKUS MÁSTER FUNDO DE INVESTIMENTO EM AÇÕES,CRFB3,Ações e outros TVM cedidos em empréstimo,28.747.676/0001-62
11.180.009/0001-48,KAPITALO INVESTIMENTOS LTDA,KAPITALO TARKUS MÁSTER FUNDO DE INVESTIMENTO EM AÇÕES,ITUB4,Ações e outros TVM cedidos em empréstimo,28.747.676/0001-62
11.180.009/0001-48,KAPITALO INVESTIMENTOS LTDA,KAPITALO TARKUS MÁSTER FUNDO DE INVESTIMENTO EM AÇÕES,AMER1,Ações e outros TVM cedidos em empréstimo,28.747.676/0001-62
11.180.009/0001-48,KAPITALO INVESTIMENTOS LTDA,KAPITALO TARKUS MÁSTER FUNDO DE INVESTIMENTO EM AÇÕES,AMER1,Certificado ou recibo de depósito de valores mobiliários,28.747.676/0001-62
11.180.009/0001-48,KAPITALO INVESTIMENTOS LTDA,KAPITALO TARKUS MÁSTER FUNDO DE INVESTIMENTO EM AÇÕES,FUTDOLH22,Mercado Futuro - Posições compradas,28.747.676/0001-62
11.180.009/0001-48,KAPITALO INVESTIMENTOS LTDA,KAPITALO TARKUS MÁSTER FUNDO DE INVESTIMENTO EM AÇÕES,FUTWDOH22,Mercado Futuro - Posições vendidas,28.747.676/0001-62
11.180.009/0001-48,KAPITALO INVESTIMENTOS LTDA,KAPITALO TARKUS MÁSTER FUNDO DE INVESTIMENTO EM AÇÕES,ITUB4,Obrigações por ações e outros TVM recebidos em empréstimo,28.747.676/0001-62
11.180.009/0001-48,KAPITALO INVESTIMENTOS LTDA,KAPITALO TARKUS MÁSTER FUNDO DE INVESTIMENTO EM AÇÕES,CRFB3,Obrigações por ações e outros TVM recebidos em empréstimo,28.747.676/0001-62
11.180.009/0001-48,KAPITALO INVESTIMENTOS LTDA,KAPITALO TARKUS MÁSTER FUNDO DE INVESTIMENTO EM AÇÕES,GNDI3,Ações,28.747.676/0001-62
11.180.009/0001-48,KAPITALO INVESTIMENTOS LTDA,KAPITALO TARKUS MÁSTER FUNDO DE INVESTIMENTO EM AÇÕES,AESB3,Ações e outros TVM cedidos em empréstimo,28.747.676/0001-62
11.180.009/0001-48,KAPITALO INVESTIMENTOS LTDA,KAPITALO TARKUS MÁSTER FUNDO DE INVESTIMENTO EM AÇÕES,SOMA3,Ações e outros TVM cedidos em empréstimo,28.747.676/0001-62
11.180.009/0001-48,KAPITALO INVESTIMENTOS LTDA,KAPITALO TARKUS MÁSTER FUNDO DE INVESTIMENTO EM AÇÕES,XPBR31,Brazilian Depository Receipt - BDR,28.747.676/0001-62
11.180.009/0001-48,KAPITALO INVESTIMENTOS LTDA,KAPITALO TARKUS MÁSTER FUNDO DE INVESTIMENTO EM AÇÕES,FUTWING22,Mercado Futuro - Posições compradas,28.747.676/0001-62
11.180.009/0001-48,KAPITALO INVESTIMENTOS LTDA,KAPITALO TARKUS MÁSTER FUNDO DE INVESTIMENTO EM AÇÕES,FUTWDOH22,Mercado Futuro - Posições compradas,28.747.676/0001-62
11.180.009/0001-48,KAPITALO INVESTIMENTOS LTDA,KAPITALO TARKUS MÁSTER FUNDO DE INVESTIMENTO EM AÇÕES,FUTDOLG22,Mercado Futuro - Posições compradas,28.747.676/0001-62
11.180.009/0001-48,KAPITALO INVESTIMENTOS LTDA,KAPITALO TARKUS MÁSTER FUNDO DE INVESTIMENTO EM AÇÕES,FUTDOLH22,Mercado Futuro - Posições vendidas,28.747.676/0001-62
11.180.009/0001-48,KAPITALO INVESTIMENTOS LTDA,KAPITALO TARKUS MÁSTER FUNDO DE INVESTIMENTO EM AÇÕES,FUTWDOG22,Mercado Futuro - Posições vendidas,28.747.676/0001-62
11.180.009/0001-48,KAPITALO INVESTIMENTOS LTDA,KAPITALO TARKUS MÁSTER FUNDO DE INVESTIMENTO EM AÇÕES,Valores a Pagar - Posição Vendida de SUZB3,Valores a pagar,28.747.676/0001-62
11.180.009/0001-48,KAPITALO INVESTIMENTOS LTDA,KAPITALO TARKUS MÁSTER FUNDO DE INVESTIMENTO EM AÇÕES,LAME4,Ações,28.747.676/0001-62
11.180.009/0001-48,KAPITALO INVESTIMENTOS LTDA,KAPITALO TARKUS MÁSTER FUNDO DE INVESTIMENTO EM AÇÕES,LAME3,Ações,28.747.676/0001-62
11.180.009/0001-48,KAPITALO INVESTIMENTOS LTDA,KAPITALO TARKUS MÁSTER FUNDO DE INVESTIMENTO EM AÇÕES,BRFS3,Ações e outros TVM cedidos em empréstimo,28.747.676/0001-62
11.180.009/0001-48,KAPITALO INVESTIMENTOS LTDA,KAPITALO TARKUS MÁSTER FUNDO DE INVESTIMENTO EM AÇÕES,LAME4,Ações e outros TVM cedidos em empréstimo,28.747.676/0001-62
11.180.009/0001-48,KAPITALO INVESTIMENTOS LTDA,KAPITALO TARKUS MÁSTER FUNDO DE INVESTIMENTO EM AÇÕES,LAME3,Ações e outros TVM cedidos em empréstimo,28.747.676/0001-62
11.180.009/0001-48,KAPITALO INVESTIMENTOS LTDA,KAPITALO TARKUS MÁSTER FUNDO DE INVESTIMENTO EM AÇÕES,FUTWDOG22,Mercado Futuro - Posições compradas,28.747.676/0001-62
11.180.009/0001-48,KAPITALO INVESTIMENTOS LTDA,KAPITALO TARKUS MÁSTER FUNDO DE INVESTIMENTO EM AÇÕES,FUTDOLF22,Mercado Futuro - Posições compradas,28.747.676/0001-62
11.180.009/0001-48,KAPITALO INVESTIMENTOS LTDA,KAPITALO TARKUS MÁSTER FUNDO DE INVESTIMENTO EM AÇÕES,FUTDOLG22,Mercado Futuro - Posições vendidas,28.747.676/0001-62
11.180.009/0001-48,KAPITALO INVESTIMENTOS LTDA,KAPITALO TARKUS MÁSTER FUNDO DE INVESTIMENTO EM AÇÕES,FUTWDOF22,Mercado Futuro - Posições vendidas,28.747.676/0001-62
11.180.009/0001-48,KAPITALO INVESTIMENTOS LTDA,KAPITALO TARKUS MÁSTER FUNDO DE INVESTIMENTO EM AÇÕES,IFCM3,Obrigações por ações e outros TVM recebidos em empréstimo,28.747.676/0001-62
11.180.009/0001-48,KAPITALO INVESTIMENTOS LTDA,KAPITALO TARKUS MÁSTER FUNDO DE INVESTIMENTO EM AÇÕES,PETR4,Ações e outros TVM cedidos em empréstimo,28.747.676/0001-62
11.180.009/0001-48,KAPITALO INVESTIMENTOS LTDA,KAPITALO TARKUS MÁSTER FUNDO DE INVESTIMENTO EM AÇÕES,BBAS3,Ações e outros TVM cedidos em empréstimo,28.747.676/0001-62
11.180.009/0001-48,KAPITALO INVESTIMENTOS LTDA,KAPITALO TARKUS MÁSTER FUNDO DE INVESTIMENTO EM AÇÕES,AERI3,Ações e outros TVM cedidos em empréstimo,28.747.676/0001-62
11.180.009/0001-48,KAPITALO INVESTIMENTOS LTDA,KAPITALO TARKUS MÁSTER FUNDO DE INVESTIMENTO EM AÇÕES,FUTDOLZ21,Mercado Futuro - Posições compradas,28.747.676/0001-62
11.180.009/0001-48,KAPITALO INVESTIMENTOS LTDA,KAPITALO TARKUS MÁSTER FUNDO DE INVESTIMENTO EM AÇÕES,FUTWINZ21,Mercado Futuro - Posições compradas,28.747.676/0001-62
11.180.009/0001-48,KAPITALO INVESTIMENTOS LTDA,KAPITALO TARKUS MÁSTER FUNDO DE INVESTIMENTO EM AÇÕES,FUTWDOZ21,Mercado Futuro - Posições vendidas,28.747.676/0001-62
11.180.009/0001-48,KAPITALO INVESTIMENTOS LTDA,KAPITALO TARKUS MÁSTER FUNDO DE INVESTIMENTO EM AÇÕES,FUTDOLF22,Mercado Futuro - Posições vendidas,28.747.676/0001-62
11.180.009/0001-48,KAPITALO INVESTIMENTOS LTDA,KAPITALO TARKUS MÁSTER FUNDO DE INVESTIMENTO EM AÇÕES,LAME4,Obrigações por ações e outros TVM recebidos em empréstimo,28.747.676/0001-62
11.180.009/0001-48,KAPITALO INVESTIMENTOS LTDA,KAPITALO TARKUS MÁSTER FUNDO DE INVESTIMENTO EM AÇÕES,CVCB3,Ações,28.747.676/0001-62
11.180.009/0001-48,KAPITALO INVESTIMENTOS LTDA,KAPITALO TARKUS MÁSTER FUNDO DE INVESTIMENTO EM AÇÕES,GNDI3,Ações e outros TVM cedidos em empréstimo,28.747.676/0001-62
11.180.009/0001-48,KAPITALO INVESTIMENTOS LTDA,KAPITALO TARKUS MÁSTER FUNDO DE INVESTIMENTO EM AÇÕES,VBBR3,Ações e outros TVM cedidos em empréstimo,28.747.676/0001-62
11.180.009/0001-48,KAPITALO INVESTIMENTOS LTDA,KAPITALO TARKUS MÁSTER FUNDO DE INVESTIMENTO EM AÇÕES,AZUL11,Debêntures,28.747.676/0001-62
11.180.009/0001-48,KAPITALO INVESTIMENTOS LTDA,KAPITALO TARKUS MÁSTER FUNDO DE INVESTIMENTO EM AÇÕES,FUTWDOX21,Mercado Futuro - Posições compradas,28.747.676/0001-62
11.180.009/0001-48,KAPITALO INVESTIMENTOS LTDA,KAPITALO TARKUS MÁSTER FUNDO DE INVESTIMENTO EM AÇÕES,FUTWDOZ21,Mercado Futuro - Posições compradas,28.747.676/0001-62
11.180.009/0001-48,KAPITALO INVESTIMENTOS LTDA,KAPITALO TARKUS MÁSTER FUNDO DE INVESTIMENTO EM AÇÕES,FUTDOLZ21,Mercado Futuro - Posições vendidas,28.747.676/0001-62
11.180.009/0001-48,KAPITALO INVESTIMENTOS LTDA,KAPITALO TARKUS MÁSTER FUNDO DE INVESTIMENTO EM AÇÕES,FUTDOLX21,Mercado Futuro - Posições vendidas,28.747.676/0001-62
11.180.009/0001-48,KAPITALO INVESTIMENTOS LTDA,KAPITALO TARKUS MÁSTER FUNDO DE INVESTIMENTO EM AÇÕES,CVCB3,Obrigações por ações e outros TVM recebidos em empréstimo,28.747.676/0001-62
11.180.009/0001-48,KAPITALO INVESTIMENTOS LTDA,KAPITALO TARKUS MÁSTER FUNDO DE INVESTIMENTO EM AÇÕES,IBOVK115,Opções - Posições titulares,28.747.676/0001-62
11.180.009/0001-48,KAPITALO INVESTIMENTOS LTDA,KAPITALO TARKUS MÁSTER FUNDO DE INVESTIMENTO EM AÇÕES,BRDT3,Ações,28.747.676/0001-62
11.180.009/0001-48,KAPITALO INVESTIMENTOS LTDA,KAPITALO TARKUS MÁSTER FUNDO DE INVESTIMENTO EM AÇÕES,BRDT3,Ações e outros TVM cedidos em empréstimo,28.747.676/0001-62
11.180.009/0001-48,KAPITALO INVESTIMENTOS LTDA,KAPITALO TARKUS MÁSTER FUNDO DE INVESTIMENTO EM AÇÕES,FUTWDOV21,Mercado Futuro - Posições compradas,28.747.676/0001-62
11.180.009/0001-48,KAPITALO INVESTIMENTOS LTDA,KAPITALO TARKUS MÁSTER FUNDO DE INVESTIMENTO EM AÇÕES,FUTWINV21,Mercado Futuro - Posições compradas,28.747.676/0001-62
11.180.009/0001-48,KAPITALO INVESTIMENTOS LTDA,KAPITALO TARKUS MÁSTER FUNDO DE INVESTIMENTO EM AÇÕES,FUTINDV21,Mercado Futuro - Posições vendidas,28.747.676/0001-62
11.180.009/0001-48,KAPITALO INVESTIMENTOS LTDA,KAPITALO TARKUS MÁSTER FUNDO DE INVESTIMENTO EM AÇÕES,FUTDOLV21,Mercado Futuro - Posições vendidas,28.747.676/0001-62
11.180.009/0001-48,KAPITALO INVESTIMENTOS LTDA,KAPITALO TARKUS MÁSTER FUNDO DE INVESTIMENTO EM AÇÕES,OPD_DOL_VP91,Opções - Posições lançadas,28.747.676/0001-62
11.180.009/0001-48,KAPITALO INVESTIMENTOS LTDA,KAPITALO TARKUS MÁSTER FUNDO DE INVESTIMENTO EM AÇÕES,OPD_DOL_VPDT,Opções - Posições lançadas,28.747.676/0001-62
11.180.009/0001-48,KAPITALO INVESTIMENTOS LTDA,KAPITALO TARKUS MÁSTER FUNDO DE INVESTIMENTO EM AÇÕES,IBOVJ120,Opções - Posições titulares,28.747.676/0001-62
11.180.009/0001-48,KAPITALO INVESTIMENTOS LTDA,KAPITALO TARKUS MÁSTER FUNDO DE INVESTIMENTO EM AÇÕES,OPD_DOL_VP82,Opções - Posições titulares,28.747.676/0001-62
11.180.009/0001-48,KAPITALO INVESTIMENTOS LTDA,KAPITALO TARKUS MÁSTER FUNDO DE INVESTIMENTO EM AÇÕES,OPD_DOL_VPD1,Opções - Posições titulares,28.747.676/0001-62
11.180.009/0001-48,KAPITALO INVESTIMENTOS LTDA,KAPITALO TARKUS MÁSTER FUNDO DE INVESTIMENTO EM AÇÕES,Valores a Pagar - Posição Vendida de VAMO3,Valores a pagar,28.747.676/0001-62
11.180.009/0001-48,KAPITALO INVESTIMENTOS LTDA,KAPITALO TARKUS MÁSTER FUNDO DE INVESTIMENTO EM AÇÕES,LEVE3,Ações,28.747.676/0001-62
11.180.009/0001-48,KAPITALO INVESTIMENTOS LTDA,KAPITALO TARKUS MÁSTER FUNDO DE INVESTIMENTO EM AÇÕES,BPAN4,Ações,28.747.676/0001-62
11.180.009/0001-48,KAPITALO INVESTIMENTOS LTDA,KAPITALO TARKUS MÁSTER FUNDO DE INVESTIMENTO EM AÇÕES,BRAP3,Ações,28.747.676/0001-62
11.180.009/0001-48,KAPITALO INVESTIMENTOS LTDA,KAPITALO TARKUS MÁSTER FUNDO DE INVESTIMENTO EM AÇÕES,BRKM3,Ações,28.747.676/0001-62
11.180.009/0001-48,KAPITALO INVESTIMENTOS LTDA,KAPITALO TARKUS MÁSTER FUNDO DE INVESTIMENTO EM AÇÕES,PCAR3,Ações,28.747.676/0001-62
11.180.009/0001-48,KAPITALO INVESTIMENTOS LTDA,KAPITALO TARKUS MÁSTER FUNDO DE INVESTIMENTO EM AÇÕES,ESPA3,Ações e outros TVM cedidos em empréstimo,28.747.676/0001-62
11.180.009/0001-48,KAPITALO INVESTIMENTOS LTDA,KAPITALO TARKUS MÁSTER FUNDO DE INVESTIMENTO EM AÇÕES,PNVL3,Ações e outros TVM cedidos em empréstimo,28.747.676/0001-62
11.180.009/0001-48,KAPITALO INVESTIMENTOS LTDA,KAPITALO TARKUS MÁSTER FUNDO DE INVESTIMENTO EM AÇÕES,FUTWDOU21,Mercado Futuro - Posições compradas,28.747.676/0001-62
11.180.009/0001-48,KAPITALO INVESTIMENTOS LTDA,KAPITALO TARKUS MÁSTER FUNDO DE INVESTIMENTO EM AÇÕES,FUTDOLU21,Mercado Futuro - Posições vendidas,28.747.676/0001-62
11.180.009/0001-48,KAPITALO INVESTIMENTOS LTDA,KAPITALO TARKUS MÁSTER FUNDO DE INVESTIMENTO EM AÇÕES,FUTWDOV21,Mercado Futuro - Posições vendidas,28.747.676/0001-62
11.180.009/0001-48,KAPITALO INVESTIMENTOS LTDA,KAPITALO TARKUS MÁSTER FUNDO DE INVESTIMENTO EM AÇÕES,LEVE3,Obrigações por ações e outros TVM recebidos em empréstimo,28.747.676/0001-62
11.180.009/0001-48,KAPITALO INVESTIMENTOS LTDA,KAPITALO TARKUS MÁSTER FUNDO DE INVESTIMENTO EM AÇÕES,BPAN4,Obrigações por ações e outros TVM recebidos em empréstimo,28.747.676/0001-62
11.180.009/0001-48,KAPITALO INVESTIMENTOS LTDA,KAPITALO TARKUS MÁSTER FUNDO DE INVESTIMENTO EM AÇÕES,BRAP3,Obrigações por ações e outros TVM recebidos em empréstimo,28.747.676/0001-62
11.180.009/0001-48,KAPITALO INVESTIMENTOS LTDA,KAPITALO TARKUS MÁSTER FUNDO DE INVESTIMENTO EM AÇÕES,BRKM3,Obrigações por ações e outros TVM recebidos em empréstimo,28.747.676/0001-62
11.180.009/0001-48,KAPITALO INVESTIMENTOS LTDA,KAPITALO TARKUS MÁSTER FUNDO DE INVESTIMENTO EM AÇÕES,PCAR3,Obrigações por ações e outros TVM recebidos em empréstimo,28.747.676/0001-62
11.180.009/0001-48,KAPITALO INVESTIMENTOS LTDA,KAPITALO TARKUS MÁSTER FUNDO DE INVESTIMENTO EM AÇÕES,PETRI299,Opções - Posições titulares,28.747.676/0001-62
11.180.009/0001-48,KAPITALO INVESTIMENTOS LTDA,KAPITALO TARKUS MÁSTER FUNDO DE INVESTIMENTO EM AÇÕES,ABEVU162,Opções - Posições titulares,28.747.676/0001-62
11.180.009/0001-48,KAPITALO INVESTIMENTOS LTDA,KAPITALO TARKUS MÁSTER FUNDO DE INVESTIMENTO EM AÇÕES,Valores a Pagar - Posição Vendida de ARML3,Valores a pagar,28.747.676/0001-62
11.180.009/0001-48,KAPITALO INVESTIMENTOS LTDA,KAPITALO TARKUS MÁSTER FUNDO DE INVESTIMENTO EM AÇÕES,VVAR3,Ações,28.747.676/0001-62
11.180.009/0001-48,KAPITALO INVESTIMENTOS LTDA,KAPITALO TARKUS MÁSTER FUNDO DE INVESTIMENTO EM AÇÕES,BBDC4,Ações,28.747.676/0001-62
11.180.009/0001-48,KAPITALO INVESTIMENTOS LTDA,KAPITALO TARKUS MÁSTER FUNDO DE INVESTIMENTO EM AÇÕES,BPAC5,Ações,28.747.676/0001-62
11.180.009/0001-48,KAPITALO INVESTIMENTOS LTDA,KAPITALO TARKUS MÁSTER FUNDO DE INVESTIMENTO EM AÇÕES,RADL3,Ações e outros TVM cedidos em empréstimo,28.747.676/0001-62
11.180.009/0001-48,KAPITALO INVESTIMENTOS LTDA,KAPITALO TARKUS MÁSTER FUNDO DE INVESTIMENTO EM AÇÕES,SMFT3,Ações e outros TVM cedidos em empréstimo,28.747.676/0001-62
11.180.009/0001-48,KAPITALO INVESTIMENTOS LTDA,KAPITALO TARKUS MÁSTER FUNDO DE INVESTIMENTO EM AÇÕES,SULA11,Certificado ou recibo de depósito de valores mobiliários,28.747.676/0001-62
11.180.009/0001-48,KAPITALO INVESTIMENTOS LTDA,KAPITALO TARKUS MÁSTER FUNDO DE INVESTIMENTO EM AÇÕES,FUTDOLQ21,Mercado Futuro - Posições compradas,28.747.676/0001-62
11.180.009/0001-48,KAPITALO INVESTIMENTOS LTDA,KAPITALO TARKUS MÁSTER FUNDO DE INVESTIMENTO EM AÇÕES,FUTWINQ21,Mercado Futuro - Posições compradas,28.747.676/0001-62
11.180.009/0001-48,KAPITALO INVESTIMENTOS LTDA,KAPITALO TARKUS MÁSTER FUNDO DE INVESTIMENTO EM AÇÕES,FUTWDOU21,Mercado Futuro - Posições vendidas,28.747.676/0001-62
11.180.009/0001-48,KAPITALO INVESTIMENTOS LTDA,KAPITALO TARKUS MÁSTER FUNDO DE INVESTIMENTO EM AÇÕES,FUTWDOQ21,Mercado Futuro - Posições vendidas,28.747.676/0001-62
11.180.009/0001-48,KAPITALO INVESTIMENTOS LTDA,KAPITALO TARKUS MÁSTER FUNDO DE INVESTIMENTO EM AÇÕES,VVAR3,Obrigações por ações e outros TVM recebidos em empréstimo,28.747.676/0001-62
11.180.009/0001-48,KAPITALO INVESTIMENTOS LTDA,KAPITALO TARKUS MÁSTER FUNDO DE INVESTIMENTO EM AÇÕES,BBDC4,Obrigações por ações e outros TVM recebidos em empréstimo,28.747.676/0001-62
11.180.009/0001-48,KAPITALO INVESTIMENTOS LTDA,KAPITALO TARKUS MÁSTER FUNDO DE INVESTIMENTO EM AÇÕES,SMFT3,Obrigações por ações e outros TVM recebidos em empréstimo,28.747.676/0001-62
11.180.009/0001-48,KAPITALO INVESTIMENTOS LTDA,KAPITALO TARKUS MÁSTER FUNDO DE INVESTIMENTO EM AÇÕES,RADL3,Obrigações por ações e outros TVM recebidos em empréstimo,28.747.676/0001-62
11.180.009/0001-48,KAPITALO INVESTIMENTOS LTDA,KAPITALO TARKUS MÁSTER FUNDO DE INVESTIMENTO EM AÇÕES,ABEVT172,Opções - Posições titulares,28.747.676/0001-62
11.180.009/0001-48,KAPITALO INVESTIMENTOS LTDA,KAPITALO TARKUS MÁSTER FUNDO DE INVESTIMENTO EM AÇÕES,MGLUT220,Opções - Posições titulares,28.747.676/0001-62
11.180.009/0001-48,KAPITALO INVESTIMENTOS LTDA,KAPITALO TARKUS MÁSTER FUNDO DE INVESTIMENTO EM AÇÕES,VALET104,Opções - Posições titulares,28.747.676/0001-62
11.180.009/0001-48,KAPITALO INVESTIMENTOS LTDA,KAPITALO TARKUS MÁSTER FUNDO DE INVESTIMENTO EM AÇÕES,VALET84,Opções - Posições titulares,28.747.676/0001-62
11.180.009/0001-48,KAPITALO INVESTIMENTOS LTDA,KAPITALO TARKUS MÁSTER FUNDO DE INVESTIMENTO EM AÇÕES,NTNB_10012018_15082028,Operações Compromissadas,28.747.676/0001-62
11.180.009/0001-48,KAPITALO INVESTIMENTOS LTDA,KAPITALO TARKUS MÁSTER FUNDO DE INVESTIMENTO EM AÇÕES,BTOW3,Ações,28.747.676/0001-62
11.180.009/0001-48,KAPITALO INVESTIMENTOS LTDA,KAPITALO TARKUS MÁSTER FUNDO DE INVESTIMENTO EM AÇÕES,PLPL3,Ações,28.747.676/0001-62
11.180.009/0001-48,KAPITALO INVESTIMENTOS LTDA,KAPITALO TARKUS MÁSTER FUNDO DE INVESTIMENTO EM AÇÕES,MELK3,Ações,28.747.676/0001-62
11.180.009/0001-48,KAPITALO INVESTIMENTOS LTDA,KAPITALO TARKUS MÁSTER FUNDO DE INVESTIMENTO EM AÇÕES,BPAC11,Ações e outros TVM cedidos em empréstimo,28.747.676/0001-62
11.180.009/0001-48,KAPITALO INVESTIMENTOS LTDA,KAPITALO TARKUS MÁSTER FUNDO DE INVESTIMENTO EM AÇÕES,BTOW3,Ações e outros TVM cedidos em empréstimo,28.747.676/0001-62
11.180.009/0001-48,KAPITALO INVESTIMENTOS LTDA,KAPITALO TARKUS MÁSTER FUNDO DE INVESTIMENTO EM AÇÕES,CVCB1,Certificado ou recibo de depósito de valores mobiliários,28.747.676/0001-62
11.180.009/0001-48,KAPITALO INVESTIMENTOS LTDA,KAPITALO TARKUS MÁSTER FUNDO DE INVESTIMENTO EM AÇÕES,FUTDOLN21,Mercado Futuro - Posições compradas,28.747.676/0001-62
11.180.009/0001-48,KAPITALO INVESTIMENTOS LTDA,KAPITALO TARKUS MÁSTER FUNDO DE INVESTIMENTO EM AÇÕES,FUTWDOQ21,Mercado Futuro - Posições compradas,28.747.676/0001-62
11.180.009/0001-48,KAPITALO INVESTIMENTOS LTDA,KAPITALO TARKUS MÁSTER FUNDO DE INVESTIMENTO EM AÇÕES,FUTWDON21,Mercado Futuro - Posições vendidas,28.747.676/0001-62
11.180.009/0001-48,KAPITALO INVESTIMENTOS LTDA,KAPITALO TARKUS MÁSTER FUNDO DE INVESTIMENTO EM AÇÕES,FUTDOLQ21,Mercado Futuro - Posições vendidas,28.747.676/0001-62
11.180.009/0001-48,KAPITALO INVESTIMENTOS LTDA,KAPITALO TARKUS MÁSTER FUNDO DE INVESTIMENTO EM AÇÕES,CVCB1,Obrigações por ações e outros TVM recebidos em empréstimo,28.747.676/0001-62
11.180.009/0001-48,KAPITALO INVESTIMENTOS LTDA,KAPITALO TARKUS MÁSTER FUNDO DE INVESTIMENTO EM AÇÕES,UGPA1,Obrigações por ações e outros TVM recebidos em empréstimo,28.747.676/0001-62
11.180.009/0001-48,KAPITALO INVESTIMENTOS LTDA,KAPITALO TARKUS MÁSTER FUNDO DE INVESTIMENTO EM AÇÕES,LTN_03072020_01102022,Operações Compromissadas,28.747.676/0001-62
11.180.009/0001-48,KAPITALO INVESTIMENTOS LTDA,KAPITALO TARKUS MÁSTER FUNDO DE INVESTIMENTO EM AÇÕES,Valores a Pagar - Posição Vendida de ITUB4,Valores a pagar,28.747.676/0001-62
11.180.009/0001-48,KAPITALO INVESTIMENTOS LTDA,KAPITALO TARKUS MÁSTER FUNDO DE INVESTIMENTO EM AÇÕES,Valores a Pagar - Posição Vendida de NEOE3,Valores a pagar,28.747.676/0001-62
